{
  "openapi": "3.0.0",
  "info": {
    "title": "Phoenix Ignite API",
    "description": "API for Ignite",
    "version": "1.0.0"
  },
  "paths": {
    "/api2/data-session/new": {
      "post": {
        "summary": "Create a new data session",
        "responses": {
          "200": {
            "description": "Successful operation"
          }
        }
      }
    },
    "/api2/data-session/get/{id}": {
      "get": {
        "summary": "Get data session by ID",
        "parameters": [
          {
            "name": "id",
            "in": "path",
            "required": true,
            "schema": {
              "type": "string"
            }
          }
        ],
        "responses": {
          "200": {
            "description": "Successful operation"
          }
        }
      }
    },
    "/api2/data-session/post": {
      "put": {
        "summary": "Update data session",
        "responses": {
          "200": {
            "description": "Successful operation"
          }
        }
      }
    },
    "/api2/data-session/delete/{id}": {
      "delete": {
        "summary": "Delete data session by ID",
        "parameters": [
          {
            "name": "id",
            "in": "path",
            "required": true,
            "schema": {
              "type": "string"
            }
          }
        ],
        "responses": {
          "200": {
            "description": "Successful operation"
          }
        }
      }
    },
    "/api2/data-session/dump": {
      "get": {
        "summary": "Dump all data sessions",
        "responses": {
          "200": {
            "description": "Successful operation"
          }
        }
      }
    }
  }
}
